seed,Q_full_actual,Q_compressed_actual,model_full_actual,model_compressed_actual,Q_full_predicted,Q_compressed_predicted,model_full_predicted,model_compressed_predicted,model_full_minus_compressed,full_model_minus_Q,compressed_model_minus_Q,experience_benefit_difference
0,85.15357067348968,16.704056100706392,90.22349930008048,52.34869498749143,149.28438083385177,78.90280933733534,89.69915204676225,98.03192416615043,37.87480431258905,5.069928626590794,35.64463888678503,-30.574710260194237
1,90.22349930008048,16.704056100706392,88.88652391766354,34.41525689927451,111.49303714975167,79.23229633150376,89.16003056818106,96.45166331276909,54.47126701838903,-1.336975382416938,17.711200798568118,-19.048176180985056
2,82.55252084268118,16.704056100706392,88.88652391766338,34.41525689927451,131.67180429182707,78.53541569378464,88.81380649074849,95.40348939500471,54.47126701838887,6.334003074982206,17.711200798568118,-11.377197723585912
3,83.92749804295921,16.704056100706392,90.22349930008048,52.34869498749143,89.94773018395713,80.55483053020916,90.10757190083591,97.20026271447098,37.87480431258905,6.296001257121262,35.64463888678503,-29.34863762966377
4,88.88652391766338,16.704056100706392,88.88652391766347,34.41525689927451,102.28325604675827,80.91651150538276,89.02970863782146,97.44145648840416,54.47126701838896,8.526512829121202e-14,17.711200798568118,-17.711200798568033
5,54.90357699173121,34.41525689927451,90.22349930008048,52.34869498749143,92.12090262694248,94.93346826912757,90.14664511132233,98.47109396866126,37.87480431258905,35.31992230834927,17.933438088216917,17.386484220132353
6,55.02003588149986,34.41525689927451,90.22349930008048,52.34869498749143,149.99999999999991,86.2809348131765,89.61836636902208,98.25344087151616,37.87480431258905,35.20346341858062,17.933438088216917,17.2700253303637
7,58.75451492464275,16.704056100706392,90.22349930008048,52.34869498749143,149.99999999999986,82.47723177117113,89.87590620622771,98.4318448495085,37.87480431258905,31.468984375437728,35.64463888678503,-4.175654511347304
8,59.871443761523295,16.704056100706392,90.22349930008048,52.34869498749143,149.163237555326,78.9159135723602,90.75159229156434,99.0771784735761,37.87480431258905,30.35205553855718,35.64463888678503,-5.292583348227851
9,77.02826582805857,16.704056100706392,90.22349930008048,52.34869498749143,89.38959878762546,80.63019822258192,90.59616187621326,99.43288328505469,37.87480431258905,13.195233472021911,35.64463888678503,-22.44940541476312
10,83.15814912354995,16.704056100706392,90.22349930008048,52.34869498749143,80.48825033907633,80.25426165030423,90.67078509297008,98.18020625487928,37.87480431258905,7.065350176530529,35.64463888678503,-28.579288710254502
11,73.12879293160621,16.704056100706392,88.88652391766354,34.41525689927451,147.92470911423106,80.23814113112088,89.5498652297102,97.62808584262496,54.47126701838903,15.757730986057325,17.711200798568118,-1.953469812510793
12,90.22349930008048,16.704056100706392,90.22349930008048,52.34869498749143,94.6682375195344,81.66030117746757,89.99140018355088,99.19649110218835,37.87480431258905,0.0,35.64463888678503,-35.64463888678503
13,73.60212474649515,16.704056100706392,88.88652391766347,34.41525689927451,119.50258754839523,79.66008877401146,89.6454929717197,96.56591020361599,54.47126701838896,15.284399171168317,17.711200798568118,-2.4268016273998008
14,82.71305830099664,16.704056100706392,90.22349930008048,52.34869498749143,80.79518442594353,80.02627060473708,89.52564125303539,97.4856765021605,37.87480431258905,7.5104409990838406,35.64463888678503,-28.13419788770119
15,85.15357067348968,16.704056100706392,90.22349930008048,52.34869498749143,136.5506329113913,81.88152069555561,90.13533035889391,98.77059812960951,37.87480431258905,5.069928626590794,35.64463888678503,-30.574710260194237
16,88.88652391766347,16.704056100706392,90.22349930008048,52.34869498749143,100.62871171422691,82.70550563855643,90.31978679183729,99.15092944499925,37.87480431258905,1.336975382417009,35.64463888678503,-34.30766350436802
17,81.39775493388031,16.704056100706392,90.22349930008048,52.34869498749143,83.37279728503152,80.77099296235782,90.57182493390842,99.21628775880947,37.87480431258905,8.825744366200169,35.64463888678503,-26.818894520584863
18,81.48588277201492,16.704056100706392,88.88652391766354,34.41525689927451,137.3623609378845,79.51819911915622,88.89502863732046,95.09575647618347,54.47126701838903,7.4006411456486205,17.711200798568118,-10.310559652919498
19,77.16177596120669,52.34869498749143,90.22349930008048,52.34869498749143,107.54594716697747,95.86236766708207,90.08841178492429,98.67073698717154,37.87480431258905,13.06172333887379,0.0,13.06172333887379
20,88.88652391766354,16.704056100706392,90.22349930008048,52.34869498749143,104.75016934517608,80.45785088000652,89.84378318006104,98.70947494622496,37.87480431258905,1.336975382416938,35.64463888678503,-34.307663504368094
21,90.22349930008048,16.704056100706392,90.22349930008048,52.34869498749143,95.62419592081443,83.56470084646716,89.72762297805552,98.30251352563978,37.87480431258905,0.0,35.64463888678503,-35.64463888678503
22,90.22349930008048,16.704056100706392,90.22349930008048,52.34869498749143,117.39834167839689,79.92177394478543,90.18591317621213,98.7770138544279,37.87480431258905,0.0,35.64463888678503,-35.64463888678503
23,81.48588277201492,16.704056100706392,88.88652391766354,34.41525689927451,148.39880496777846,78.87344572069605,89.78362078638264,97.10978766327835,54.47126701838903,7.4006411456486205,17.711200798568118,-10.310559652919498
24,88.88652391766347,52.34869498749143,90.22349930008048,52.34869498749143,96.83878420909438,100.54495644477397,90.28267302576018,98.82114121642165,37.87480431258905,1.336975382417009,0.0,1.336975382417009
25,82.55252084268118,16.704056100706392,88.88652391766354,34.41525689927451,82.337839172517,78.72790411929536,88.60406017307146,95.52978540463052,54.47126701838903,6.334003074982363,17.711200798568118,-11.377197723585756
26,73.21681607700076,16.704056100706392,90.22349930008048,52.34869498749143,99.07779667819722,81.59433406366254,91.20946520568258,99.96465000428863,37.87480431258905,17.00668322307972,35.64463888678503,-18.637955663705313
27,83.9274980429592,52.34869498749143,90.22349930008048,52.34869498749143,102.02322879132919,99.66428510090692,89.82136168500266,99.02069167288387,37.87480431258905,6.296001257121276,0.0,6.296001257121276
28,90.22349930008048,52.34869498749143,90.22349930008048,52.34869498749143,94.3818103555686,88.26937396390738,90.63663398580152,99.00525714986702,37.87480431258905,0.0,0.0,0.0
29,90.22349930008048,52.34869498749143,90.22349930008048,52.34869498749143,91.12800526484135,95.90959068165277,90.3449965788273,99.54781672616117,37.87480431258905,0.0,0.0,0.0
30,90.22349930008048,52.34869498749143,90.22349930008048,52.34869498749143,90.33788385466728,99.1948555946047,90.19462035265249,99.2189080676502,37.87480431258905,0.0,0.0,0.0
31,90.22349930008048,34.41525689927451,90.22349930008048,52.34869498749143,97.89563995997774,87.75902840071936,90.51705216426924,99.35725996152561,37.87480431258905,0.0,17.933438088216917,-17.933438088216917
32,90.22349930008048,34.41525689927451,90.22349930008048,52.34869498749143,87.0444835064566,85.60031839814341,89.81901235280456,97.15428031574831,37.87480431258905,0.0,17.933438088216917,-17.933438088216917
33,81.48588277201492,16.704056100706392,90.22349930008048,52.34869498749143,148.71272365805157,80.35267827829065,90.47217242155654,98.9796475256024,37.87480431258905,8.737616528065558,35.64463888678503,-26.907022358719473
34,82.52999819315356,16.704056100706392,90.22349930008048,52.34869498749143,79.67120692088109,79.34811572178917,90.44904696617364,98.98452703119064,37.87480431258905,7.693501106926917,35.64463888678503,-27.951137779858115
35,90.22349930008048,52.34869498749143,90.22349930008048,52.34869498749143,106.0546064201247,85.81665938972351,89.82090721813616,98.86357108963098,37.87480431258905,0.0,0.0,0.0
36,57.70313145499586,16.704056100706392,90.22349930008048,52.34869498749143,85.93724418743979,79.98105122933629,90.683226368519,99.32906859123597,37.87480431258905,32.520367845084614,35.64463888678503,-3.1242710417004176
37,78.81259062199497,16.704056100706392,88.88652391766354,34.41525689927451,105.25913649150837,81.62037396035163,88.98662013317343,97.63767815037086,54.47126701838903,10.073933295668567,17.711200798568118,-7.637267502899551
38,90.22349930008048,16.704056100706392,90.22349930008048,52.34869498749143,90.4416203024041,80.73412429977637,90.97998790916324,100.02025714720027,37.87480431258905,0.0,35.64463888678503,-35.64463888678503
39,90.22349930008048,52.34869498749143,90.22349930008048,52.34869498749143,93.30588884211373,85.99225403091377,90.56250214143616,99.28859812924618,37.87480431258905,0.0,0.0,0.0
40,85.4074069636383,16.704056100706392,90.22349930008048,52.34869498749143,93.63941057779768,80.31649601423003,91.07503797151344,98.33531750467725,37.87480431258905,4.816092336442182,35.64463888678503,-30.82854655034285
41,90.22349930008048,52.34869498749143,90.22349930008048,52.34869498749143,90.83566848379773,83.62527148233572,90.14818035281905,96.8649636768924,37.87480431258905,0.0,0.0,0.0
42,90.22349930008048,16.704056100706392,90.22349930008048,52.34869498749143,92.3526493482587,81.39947345319662,90.56412418321412,98.2793107904354,37.87480431258905,0.0,35.64463888678503,-35.64463888678503
43,90.22349930008048,16.704056100706392,90.22349930008048,52.34869498749143,93.04171778484157,82.0376780862998,90.5406056571239,99.13199653478249,37.87480431258905,0.0,35.64463888678503,-35.64463888678503
44,88.88652391766338,16.704056100706392,90.22349930008048,52.34869498749143,99.2126309809765,80.77856092036942,90.17686614977542,99.22973789845248,37.87480431258905,1.3369753824170942,35.64463888678503,-34.30766350436794
45,88.88652391766354,52.34869498749143,90.22349930008048,52.34869498749143,97.27322388234062,95.1784119584868,90.34143157442963,99.70505800437873,37.87480431258905,1.336975382416938,0.0,1.336975382416938
46,80.32510364062927,16.704056100706392,90.22349930008048,52.34869498749143,129.44839431740542,81.25577435545864,90.65573179662299,99.88004916741089,37.87480431258905,9.89839565945121,35.64463888678503,-25.74624322733382
47,54.331379060485624,16.704056100706392,90.22349930008048,52.34869498749143,103.02266002567944,80.99618445218182,90.03250523127168,97.60340132551117,37.87480431258905,35.89212023959485,35.64463888678503,0.24748135280982098
48,73.21681607700076,16.704056100706392,88.88652391766354,34.41525689927451,102.50078004271755,80.71727296172443,89.41379543262323,97.26582237493703,54.47126701838903,15.669707840662781,17.711200798568118,-2.041492957905337
49,87.4836352372503,34.41525689927451,90.22349930008048,52.34869498749143,89.95432723973492,86.64645375458775,91.17826870868339,99.45259552402257,37.87480431258905,2.739864062830179,17.933438088216917,-15.193574025386738
50,90.22349930008048,52.34869498749143,90.22349930008048,52.34869498749143,98.62461055040316,93.2220560160954,89.74445205306264,98.03196992331978,37.87480431258905,0.0,0.0,0.0
51,88.88652391766338,16.704056100706392,90.22349930008048,52.34869498749143,83.99510084462295,82.08415548570562,89.8133487476909,97.41981772595776,37.87480431258905,1.3369753824170942,35.64463888678503,-34.30766350436794
52,90.22349930008048,16.704056100706392,90.22349930008048,52.34869498749143,94.10596845616601,81.1094120921242,90.15677139946247,99.3135755812981,37.87480431258905,0.0,35.64463888678503,-35.64463888678503
53,72.69867729498141,16.704056100706392,90.22349930008048,52.34869498749143,139.87119219852272,81.07212882910174,89.65863878988517,98.80296461873462,37.87480431258905,17.524822005099068,35.64463888678503,-18.119816881685963
54,78.81259062199497,16.704056100706392,90.22349930008048,52.34869498749143,107.49878261415944,81.43851761307914,90.14012520621502,99.60268245763633,37.87480431258905,11.410908678085505,35.64463888678503,-24.233730208699527
55,90.22349930008048,34.41525689927451,90.22349930008048,52.34869498749143,97.4187636342825,94.46459504517388,90.64953846278921,99.48235834001702,37.87480431258905,0.0,17.933438088216917,-17.933438088216917
56,60.987799634048585,52.34869498749143,90.22349930008048,52.34869498749143,92.32173061610163,98.39647250721714,90.53959950393669,98.56275901365574,37.87480431258905,29.23569966603189,0.0,29.23569966603189
57,90.22349930008048,16.704056100706392,90.22349930008048,52.34869498749143,96.90751679356319,82.69560961080701,90.1530942048888,99.4160432104609,37.87480431258905,0.0,35.64463888678503,-35.64463888678503
58,88.88652391766347,16.704056100706392,88.88652391766347,34.41525689927451,97.3449745032257,81.14568986238284,89.54365114116074,97.67837581770691,54.47126701838896,0.0,17.711200798568118,-17.711200798568118
59,88.88652391766338,34.41525689927451,88.88652391766354,34.41525689927451,92.06633398690308,87.61494645402166,88.66885851142462,96.46961240129535,54.47126701838903,1.5631940186722204e-13,0.0,1.5631940186722204e-13
60,82.71305830099664,16.704056100706392,88.88652391766354,34.41525689927451,84.68837139527963,81.68774295392265,89.64191560972104,97.78945596752439,54.47126701838903,6.173465616666903,17.711200798568118,-11.537735181901215
61,90.22349930008048,34.41525689927451,90.22349930008048,52.34869498749143,89.68383000784156,84.5026445682202,90.77169745292478,99.18597974268533,37.87480431258905,0.0,17.933438088216917,-17.933438088216917
62,71.37584905520855,16.704056100706392,90.22349930008048,52.34869498749143,88.50501706363666,81.23295981437491,90.32438977192966,98.7225910250502,37.87480431258905,18.84765024487193,35.64463888678503,-16.796988641913103
63,73.21681607700076,16.704056100706392,90.22349930008048,34.41525689927451,149.99999999999986,81.41537626499395,88.83966015278175,96.79186061353506,55.808242400805966,17.00668322307972,17.711200798568118,-0.7045175754883992
64,88.88652391766347,16.704056100706392,90.22349930008048,52.34869498749143,89.17163390694003,85.0445887980858,90.74370666731006,99.08759804026246,37.87480431258905,1.336975382417009,35.64463888678503,-34.30766350436802
65,73.21681607700076,16.704056100706392,90.22349930008048,52.34869498749143,97.85936412574688,80.23006814581215,90.37485828652812,98.55369647185313,37.87480431258905,17.00668322307972,35.64463888678503,-18.637955663705313
66,79.80209714629677,16.704056100706392,88.88652391766347,34.41525689927451,96.33502717732904,82.01207228140342,89.00875351470299,96.63509006960903,54.47126701838896,9.084426771366694,17.711200798568118,-8.626774027201424
67,88.88652391766354,16.704056100706392,90.22349930008048,52.34869498749143,88.34377978229,82.55401921003855,89.66861434428122,98.90924106705563,37.87480431258905,1.336975382416938,35.64463888678503,-34.307663504368094
68,71.96042739000815,16.704056100706392,90.22349930008048,52.34869498749143,101.85975011689308,81.27455387481815,90.637237754677,99.75927347819687,37.87480431258905,18.263071910072327,35.64463888678503,-17.381566976712705
69,88.88652391766327,16.704056100706392,90.22349930008048,52.34869498749143,85.50715850290094,79.58794177257545,89.77042087923033,97.79362276234178,37.87480431258905,1.336975382417208,35.64463888678503,-34.307663504367824
70,73.60212474649515,52.34869498749143,90.22349930008048,52.34869498749143,98.61080835873103,87.70190179042388,90.6317072868467,99.6677765152051,37.87480431258905,16.621374553585326,0.0,16.621374553585326
71,88.88652391766347,16.704056100706392,88.88652391766354,34.41525689927451,85.04596043634305,81.09622991719931,88.04839516600795,96.13070133605788,54.47126701838903,7.105427357601002e-14,17.711200798568118,-17.711200798568047
72,68.78280228491039,16.704056100706392,90.22349930008048,52.34869498749143,83.19463121694682,82.8870897896073,90.48599719418527,99.76312192355859,37.87480431258905,21.440697015170088,35.64463888678503,-14.203941871614944
73,88.88652391766338,16.704056100706392,90.22349930008048,52.34869498749143,98.43547777085224,83.16109683691107,89.52863023603727,98.42717101997292,37.87480431258905,1.3369753824170942,35.64463888678503,-34.30766350436794
74,90.22349930008048,16.704056100706392,90.22349930008048,52.34869498749143,80.52373495165924,80.35324945740547,89.60022012946396,98.04598157938466,37.87480431258905,0.0,35.64463888678503,-35.64463888678503
75,90.22349930008048,34.41525689927451,90.22349930008048,52.34869498749143,89.64249187765901,84.37854019147765,90.27498397787858,97.93782879886825,37.87480431258905,0.0,17.933438088216917,-17.933438088216917
76,72.30121351635268,16.704056100706392,90.22349930008048,52.34869498749143,149.9999999999998,86.49690724814877,90.5825486101568,99.42495185735466,37.87480431258905,17.9222857837278,35.64463888678503,-17.72235310305723
77,88.88652391766354,34.41525689927451,90.22349930008048,52.34869498749143,87.45974692909627,89.5483608682526,90.4768404537699,98.98366569431371,37.87480431258905,1.336975382416938,17.933438088216917,-16.59646270579998
78,73.60212474649515,52.34869498749143,90.22349930008048,52.34869498749143,130.54989956487677,101.03938287163959,89.80502461841607,98.56136994492678,37.87480431258905,16.621374553585326,0.0,16.621374553585326
79,80.32510364062927,52.34869498749143,90.22349930008048,52.34869498749143,91.54649667163541,91.41425546348277,89.96076921431123,98.31649553091951,37.87480431258905,9.89839565945121,0.0,9.89839565945121
80,90.22349930008048,16.704056100706392,90.22349930008048,52.34869498749143,86.64994081025098,81.10108216871892,90.11197238029597,98.57267573928443,37.87480431258905,0.0,35.64463888678503,-35.64463888678503
81,77.25471482290818,16.704056100706392,90.22349930008048,52.34869498749143,79.74598915032388,78.72252916219888,89.76799904690635,98.03399006240556,37.87480431258905,12.968784477172292,35.64463888678503,-22.67585440961274
82,88.88652391766354,52.34869498749143,90.22349930008048,52.34869498749143,96.28234998682173,101.32066443584377,89.99091124941471,99.19000774086072,37.87480431258905,1.336975382416938,0.0,1.336975382416938
83,73.60212474649515,52.34869498749143,90.22349930008048,34.41525689927451,148.58430499880708,99.37015343814066,89.57014300366727,96.28432432929041,55.808242400805966,16.621374553585326,-17.933438088216917,34.55481264180224
84,83.9274980429592,16.704056100706392,90.22349930008048,52.34869498749143,82.51697028392577,80.89196792087826,90.05897671363572,99.13475181668584,37.87480431258905,6.296001257121276,35.64463888678503,-29.348637629663756
85,90.22349930008048,34.41525689927451,90.22349930008048,52.34869498749143,96.87853845183463,81.64224855193827,89.82822669327842,98.51324498428012,37.87480431258905,0.0,17.933438088216917,-17.933438088216917
86,70.55250000000063,52.34869498749143,90.22349930008048,52.34869498749143,94.3820224719094,90.09390957388388,89.53798150818159,97.7933518119772,37.87480431258905,19.670999300079842,0.0,19.670999300079842
87,72.23046260731532,16.704056100706392,90.22349930008048,52.34869498749143,101.70962998790482,81.27869561990754,90.18860875151753,98.57878777885064,37.87480431258905,17.99303669276516,35.64463888678503,-17.651602194019873
88,90.22349930008048,34.41525689927451,90.22349930008048,52.34869498749143,90.9549178959224,94.20354858365678,90.1604461187607,99.28665312783706,37.87480431258905,0.0,17.933438088216917,-17.933438088216917
89,78.06978462266538,16.704056100706392,90.22349930008048,52.34869498749143,103.2792800523043,80.62092769026812,90.16846530749524,98.51473235001886,37.87480431258905,12.153714677415095,35.64463888678503,-23.490924209369936
90,85.17275762496742,16.704056100706392,88.88652391766341,34.41525689927451,84.75336363630826,83.17892031739925,88.99147531447018,97.14045215445238,54.4712670183889,3.7137662926959933,17.711200798568118,-13.997434505872125
91,59.30645485801,16.704056100706392,90.22349930008048,34.41525689927451,102.12540191084254,80.4971499417819,88.60691483795027,95.70050058573923,55.808242400805966,30.917044442070477,17.711200798568118,13.205843643502359
92,51.57326609749585,16.704056100706392,90.22349930008048,52.34869498749143,149.99999999999986,82.33553584528401,89.93883939479899,99.50302306042164,37.87480431258905,38.65023320258462,35.64463888678503,3.0055943157995912
93,90.22349930008048,52.34869498749143,90.22349930008048,52.34869498749143,105.04366013433841,83.26668113636768,91.37054128276203,97.93488222578742,37.87480431258905,0.0,0.0,0.0
94,90.22349930008048,16.704056100706392,90.22349930008048,52.34869498749143,91.2645773042818,80.08594435738674,90.55725118960245,95.48982398945165,37.87480431258905,0.0,35.64463888678503,-35.64463888678503
95,37.79198360728642,16.704056100706392,88.88652391766354,34.41525689927451,100.54772227657209,80.80092619960944,89.20861516409909,96.92651188113871,54.47126701838903,51.09454031037712,17.711200798568118,33.383339511809
96,76.26783717735681,16.704056100706392,90.22349930008048,52.34869498749143,149.19538269364816,78.91609172722838,90.78962447216432,99.64065582543242,37.87480431258905,13.955662122723666,35.64463888678503,-21.688976764061366
97,90.22349930008048,52.34869498749143,90.22349930008048,52.34869498749143,101.82477006991658,107.98723813046242,90.44098093687337,99.56456826505142,37.87480431258905,0.0,0.0,0.0
98,90.22349930008048,16.704056100706392,90.22349930008048,52.34869498749143,114.9540840847263,83.04468348855707,90.1541448852465,98.95165341877825,37.87480431258905,0.0,35.64463888678503,-35.64463888678503
99,75.61154556035511,16.704056100706392,90.22349930008048,52.34869498749143,96.76270145837455,80.85856108226196,90.89407403752244,99.72886557191804,37.87480431258905,14.611953739725365,35.64463888678503,-21.032685147059667
