seed,Q_full_actual,Q_total_actual,Q_bit_actual,model_full_actual,model_total_actual,model_bit_actual,Q_full_predicted,Q_total_predicted,Q_bit_predicted,model_full_predicted,model_total_predicted,model_bit_predicted,Q_bit_minus_total,model_bit_minus_total,Q_full_minus_bit,model_full_minus_bit
0,85.15357067348968,16.704056100706392,85.15357067348968,90.22349930008048,52.34869498749143,90.22349930008048,149.28438083385177,78.90280933733534,149.28438083385177,89.69915204676225,98.03192416615043,89.51460847082129,68.44951457278329,37.87480431258905,0.0,0.0
1,90.22349930008048,16.704056100706392,90.22349930008048,88.88652391766354,34.41525689927451,78.81259062199497,111.49303714975167,79.23229633150376,100.60694918920129,89.16003056818106,96.45166331276909,94.91006348120614,73.51944319937408,44.39733372272046,0.0,10.073933295668567
2,82.55252084268118,16.704056100706392,74.66070551555828,88.88652391766338,34.41525689927451,80.42540211584503,131.67180429182707,78.53541569378464,131.7602232732533,88.81380649074849,95.40348939500471,93.91530271671563,57.95664941485188,46.01014521657052,7.891815327122899,8.46112180181835
3,83.92749804295921,16.704056100706392,34.08864655872485,90.22349930008048,52.34869498749143,90.22349930008048,89.94773018395713,80.55483053020916,79.17585787048172,90.10757190083591,97.20026271447098,89.48529413619576,17.384590458018454,37.87480431258905,49.83885148423437,0.0
4,88.88652391766338,16.704056100706392,20.019343418177428,88.88652391766347,34.41525689927451,81.87657736579276,102.28325604675827,80.91651150538276,101.60684752774728,89.02970863782146,97.44145648840416,93.82825434736431,3.3152873174710358,47.461320466518245,68.86718049948595,7.009946551870712
5,54.90357699173121,34.41525689927451,16.704056100706392,90.22349930008048,52.34869498749143,78.81259062199497,92.12090262694248,94.93346826912757,102.41647099924673,90.14664511132233,98.47109396866126,90.10599441161632,-17.711200798568118,26.463895634503544,38.19952089102482,11.410908678085505
6,55.02003588149986,34.41525689927451,34.41525689927451,90.22349930008048,52.34869498749143,78.81259062199497,149.99999999999991,86.2809348131765,149.99999999999991,89.61836636902208,98.25344087151616,90.72090894046204,0.0,26.463895634503544,20.604778982225348,11.410908678085505
7,58.75451492464275,16.704056100706392,16.704056100706392,90.22349930008048,52.34869498749143,78.81259062199497,149.99999999999986,82.47723177117113,149.99999999999986,89.87590620622771,98.4318448495085,91.75742871021929,0.0,26.463895634503544,42.05045882393635,11.410908678085505
8,59.871443761523295,16.704056100706392,85.15357067348968,90.22349930008048,52.34869498749143,78.81259062199497,149.163237555326,78.9159135723602,149.11797133406827,90.75159229156434,99.0771784735761,92.64739824953358,68.44951457278329,26.463895634503544,-25.282126911966387,11.410908678085505
9,77.02826582805857,16.704056100706392,52.820076994001894,90.22349930008048,52.34869498749143,90.22349930008048,89.38959878762546,80.63019822258192,79.25385562969416,90.59616187621326,99.43288328505469,90.3547490628437,36.1160208932955,37.87480431258905,24.20818883405667,0.0
10,83.15814912354995,16.704056100706392,57.409348222239096,90.22349930008048,52.34869498749143,90.22349930008048,80.48825033907633,80.25426165030423,79.10404260150145,90.67078509297008,98.18020625487928,90.2249288757233,40.70529212153271,37.87480431258905,25.74880090131085,0.0
11,73.12879293160621,16.704056100706392,73.12879293160621,88.88652391766354,34.41525689927451,78.81259062199497,147.92470911423106,80.23814113112088,80.25652695009632,89.5498652297102,97.62808584262496,94.97994253029637,56.42473683089982,44.39733372272046,0.0,10.073933295668567
12,90.22349930008048,16.704056100706392,77.25045504391971,90.22349930008048,52.34869498749143,90.22349930008048,94.6682375195344,81.66030117746757,80.52965745448859,89.99140018355088,99.19649110218835,89.8498828671884,60.54639894321332,37.87480431258905,12.973044256160762,0.0
13,73.60212474649515,16.704056100706392,52.34869498749143,88.88652391766347,34.41525689927451,78.81259062199497,119.50258754839523,79.66008877401146,81.66861573237702,89.6454929717197,96.56591020361599,95.19896564468362,35.64463888678503,44.39733372272046,21.253429759003723,10.073933295668496
14,82.71305830099664,16.704056100706392,46.6137797097578,90.22349930008048,52.34869498749143,78.81259062199497,80.79518442594353,80.02627060473708,78.60465953348337,89.52564125303539,97.4856765021605,92.41582263830402,29.909723609051408,26.463895634503544,36.099278591238836,11.410908678085505
15,85.15357067348968,16.704056100706392,76.45154521836503,90.22349930008048,52.34869498749143,90.22349930008048,136.5506329113913,81.88152069555561,136.5506329113913,90.13533035889391,98.77059812960951,89.77350669339451,59.74748911765863,37.87480431258905,8.702025455124655,0.0
16,88.88652391766347,16.704056100706392,70.55250000000063,90.22349930008048,52.34869498749143,81.87657736579276,100.62871171422691,82.70550563855643,89.18607627335597,90.31978679183729,99.15092944499925,91.5186837620968,53.84844389929424,29.527882378301328,18.334023917662833,8.346921934287721
17,81.39775493388031,16.704056100706392,52.34869498749143,90.22349930008048,52.34869498749143,78.81259062199497,83.37279728503152,80.77099296235782,83.04247990815084,90.57182493390842,99.21628775880947,91.3677742813829,35.64463888678503,26.463895634503544,29.04905994638888,11.410908678085505
18,81.48588277201492,16.704056100706392,41.53428123446461,88.88652391766354,34.41525689927451,78.81259062199497,137.3623609378845,79.51819911915622,80.31914870856399,88.89502863732046,95.09575647618347,93.33045891239398,24.830225133758216,44.39733372272046,39.95160153755031,10.073933295668567
19,77.16177596120669,52.34869498749143,90.22349930008048,90.22349930008048,52.34869498749143,90.22349930008048,107.54594716697747,95.86236766708207,93.15723665220786,90.08841178492429,98.67073698717154,89.81728160048351,37.87480431258905,37.87480431258905,-13.06172333887379,0.0
20,88.88652391766354,16.704056100706392,59.65117983818923,90.22349930008048,52.34869498749143,90.22349930008048,104.75016934517608,80.45785088000652,81.21876406942246,89.84378318006104,98.70947494622496,89.70910643363013,42.94712373748284,37.87480431258905,29.23534407947431,0.0
21,90.22349930008048,16.704056100706392,54.1256951202861,90.22349930008048,52.34869498749143,90.22349930008048,95.62419592081443,83.56470084646716,82.5073495847346,89.72762297805552,98.30251352563978,89.45361869094236,37.421639019579715,37.87480431258905,36.09780417979437,0.0
22,90.22349930008048,16.704056100706392,90.22349930008048,90.22349930008048,52.34869498749143,90.22349930008048,117.39834167839689,79.92177394478543,99.1828222797777,90.18591317621213,98.7770138544279,89.9361492539482,73.51944319937408,37.87480431258905,0.0,0.0
23,81.48588277201492,16.704056100706392,78.81259062199497,88.88652391766354,34.41525689927451,78.81259062199497,148.39880496777846,78.87344572069605,149.35104985218607,89.78362078638264,97.10978766327835,95.78464278075097,62.108534521288576,44.39733372272046,2.6732921500199467,10.073933295668567
24,88.88652391766347,52.34869498749143,90.22349930008048,90.22349930008048,52.34869498749143,78.81259062199497,96.83878420909438,100.54495644477397,89.84507151337424,90.28267302576018,98.82114121642165,93.48933482663062,37.87480431258905,26.463895634503544,-1.336975382417009,11.410908678085505
25,82.55252084268118,16.704056100706392,57.9826905518796,88.88652391766354,34.41525689927451,78.81259062199497,82.337839172517,78.72790411929536,79.81719995272749,88.60406017307146,95.52978540463052,94.41564569405126,41.278634451173204,44.39733372272046,24.569830290801576,10.073933295668567
26,73.21681607700076,16.704056100706392,43.017212906876836,90.22349930008048,52.34869498749143,90.22349930008048,99.07779667819722,81.59433406366254,135.20565961284464,91.20946520568258,99.96465000428863,91.052658161232,26.313156806170444,37.87480431258905,30.199603170123922,0.0
27,83.9274980429592,52.34869498749143,90.22349930008048,90.22349930008048,52.34869498749143,90.22349930008048,102.02322879132919,99.66428510090692,93.17280514483897,89.82136168500266,99.02069167288387,89.6881008469791,37.87480431258905,37.87480431258905,-6.296001257121276,0.0
28,90.22349930008048,52.34869498749143,90.22349930008048,90.22349930008048,52.34869498749143,90.22349930008048,94.3818103555686,88.26937396390738,92.17575753265979,90.63663398580152,99.00525714986702,90.37521603612151,37.87480431258905,37.87480431258905,0.0,0.0
29,90.22349930008048,52.34869498749143,90.22349930008048,90.22349930008048,52.34869498749143,90.22349930008048,91.12800526484135,95.90959068165277,90.08343782170547,90.3449965788273,99.54781672616117,90.23139414410332,37.87480431258905,37.87480431258905,0.0,0.0
30,90.22349930008048,52.34869498749143,90.22349930008048,90.22349930008048,52.34869498749143,90.22349930008048,90.33788385466728,99.1948555946047,90.10890371463357,90.19462035265249,99.2189080676502,90.11934969604064,37.87480431258905,37.87480431258905,0.0,0.0
31,90.22349930008048,34.41525689927451,20.019343418177428,90.22349930008048,52.34869498749143,90.22349930008048,97.89563995997774,87.75902840071936,89.79413085226403,90.51705216426924,99.35725996152561,90.31747473103108,-14.395913481097082,37.87480431258905,70.20415588190305,0.0
32,90.22349930008048,34.41525689927451,90.22349930008048,90.22349930008048,52.34869498749143,90.22349930008048,87.0444835064566,85.60031839814341,81.92899921425213,89.81901235280456,97.15428031574831,89.5769243531466,55.808242400805966,37.87480431258905,0.0,0.0
33,81.48588277201492,16.704056100706392,78.81259062199497,90.22349930008048,52.34869498749143,90.22349930008048,148.71272365805157,80.35267827829065,93.69626733426749,90.47217242155654,98.9796475256024,90.34554873002394,62.108534521288576,37.87480431258905,2.6732921500199467,0.0
34,82.52999819315356,16.704056100706392,72.5266316227442,90.22349930008048,52.34869498749143,90.22349930008048,79.67120692088109,79.34811572178917,78.33151006397148,90.44904696617364,98.98452703119064,90.24513470939374,55.82257552203781,37.87480431258905,10.003366570409355,0.0
35,90.22349930008048,52.34869498749143,90.22349930008048,90.22349930008048,52.34869498749143,78.81259062199497,106.0546064201247,85.81665938972351,102.57422100538247,89.82090721813616,98.86357108963098,90.10890962548743,37.87480431258905,26.463895634503544,0.0,11.410908678085505
36,57.70313145499586,16.704056100706392,32.64836443701214,90.22349930008048,52.34869498749143,90.22349930008048,85.93724418743979,79.98105122933629,80.36940077606968,90.683226368519,99.32906859123597,90.5660215216527,15.944308336305749,37.87480431258905,25.05476701798372,0.0
37,78.81259062199497,16.704056100706392,73.21681607700076,88.88652391766354,34.41525689927451,78.81259062199497,105.25913649150837,81.62037396035163,81.89466680341663,88.98662013317343,97.63767815037086,94.66687052885503,56.51275997629436,44.39733372272046,5.595774544994214,10.073933295668567
38,90.22349930008048,16.704056100706392,55.24991467577207,90.22349930008048,52.34869498749143,78.81259062199497,90.4416203024041,80.73412429977637,80.99280820617551,90.97998790916324,100.02025714720027,91.07831780139357,38.54585857506568,26.463895634503544,34.97358462430841,11.410908678085505
39,90.22349930008048,52.34869498749143,90.22349930008048,90.22349930008048,52.34869498749143,78.81259062199497,93.30588884211373,85.99225403091377,92.11707592932392,90.56250214143616,99.28859812924618,90.54774316983901,37.87480431258905,26.463895634503544,0.0,11.410908678085505
40,85.4074069636383,16.704056100706392,18.97633092870392,90.22349930008048,52.34869498749143,90.22349930008048,93.63941057779768,80.31649601423003,79.49349445856572,91.07503797151344,98.33531750467725,90.70689108301671,2.272274827997528,37.87480431258905,66.43107603493438,0.0
41,90.22349930008048,52.34869498749143,90.22349930008048,90.22349930008048,52.34869498749143,78.81259062199497,90.83566848379773,83.62527148233572,90.62540087118077,90.14818035281905,96.8649636768924,90.34113549209681,37.87480431258905,26.463895634503544,0.0,11.410908678085505
42,90.22349930008048,16.704056100706392,75.61154556035511,90.22349930008048,52.34869498749143,78.81259062199497,92.3526493482587,81.39947345319662,81.01747151135976,90.56412418321412,98.2793107904354,90.93144145259011,58.907489459648716,26.463895634503544,14.611953739725365,11.410908678085505
43,90.22349930008048,16.704056100706392,70.55250000000063,90.22349930008048,52.34869498749143,90.22349930008048,93.04171778484157,82.0376780862998,83.53580562659816,90.5406056571239,99.13199653478249,90.00024947504755,53.84844389929424,37.87480431258905,19.670999300079842,0.0
44,88.88652391766338,16.704056100706392,20.09672311291311,90.22349930008048,52.34869498749143,78.81259062199497,99.2126309809765,80.77856092036942,80.19745979015954,90.17686614977542,99.22973789845248,91.43609073165011,3.3926670122067186,26.463895634503544,68.78980080475027,11.410908678085505
45,88.88652391766354,52.34869498749143,90.22349930008048,90.22349930008048,52.34869498749143,90.22349930008048,97.27322388234062,95.1784119584868,88.33660782424568,90.34143157442963,99.70505800437873,90.1883650929244,37.87480431258905,37.87480431258905,-1.336975382416938,0.0
46,80.32510364062927,16.704056100706392,38.66889801937658,90.22349930008048,52.34869498749143,90.22349930008048,129.44839431740542,81.25577435545864,129.44839431740542,90.65573179662299,99.88004916741089,90.50703018997336,21.964841918670185,37.87480431258905,41.65620562125269,0.0
47,54.331379060485624,16.704056100706392,33.975299812848355,90.22349930008048,52.34869498749143,90.22349930008048,103.02266002567944,80.99618445218182,80.2229049899182,90.03250523127168,97.60340132551117,88.59347371404878,17.271243712141963,37.87480431258905,20.35607924763727,0.0
48,73.21681607700076,16.704056100706392,73.21681607700076,88.88652391766354,34.41525689927451,78.81259062199497,102.50078004271755,80.71727296172443,80.80130682339056,89.41379543262323,97.26582237493703,94.56309304635646,56.51275997629436,44.39733372272046,0.0,10.073933295668567
49,87.4836352372503,34.41525689927451,70.55250000000063,90.22349930008048,52.34869498749143,78.81259062199497,89.95432723973492,86.64645375458775,85.36993639102725,91.17826870868339,99.45259552402257,92.03093088955578,36.137243100726124,26.463895634503544,16.931135237249663,11.410908678085505
50,90.22349930008048,52.34869498749143,90.22349930008048,90.22349930008048,52.34869498749143,75.61154556035511,98.62461055040316,93.2220560160954,83.94855921251416,89.74445205306264,98.03196992331978,90.85349145426707,37.87480431258905,23.262850572863684,0.0,14.611953739725365
51,88.88652391766338,16.704056100706392,58.002124512541116,90.22349930008048,52.34869498749143,78.81259062199497,83.99510084462295,82.08415548570562,81.39575938198446,89.8133487476909,97.41981772595776,93.05816047177106,41.29806841183472,26.463895634503544,30.884399405122267,11.410908678085505
52,90.22349930008048,16.704056100706392,90.22349930008048,90.22349930008048,52.34869498749143,90.22349930008048,94.10596845616601,81.1094120921242,85.58906076611942,90.15677139946247,99.3135755812981,89.9931446849044,73.51944319937408,37.87480431258905,0.0,0.0
53,72.69867729498141,16.704056100706392,70.55250000000063,90.22349930008048,52.34869498749143,78.81259062199497,139.87119219852272,81.07212882910174,83.88981636060039,89.65863878988517,98.80296461873462,91.17185282887148,53.84844389929424,26.463895634503544,2.146177294980774,11.410908678085505
54,78.81259062199497,16.704056100706392,34.41525689927451,90.22349930008048,52.34869498749143,90.22349930008048,107.49878261415944,81.43851761307914,81.1805298208308,90.14012520621502,99.60268245763633,89.88150527783596,17.711200798568118,37.87480431258905,44.39733372272046,0.0
55,90.22349930008048,34.41525689927451,20.51731302678411,90.22349930008048,52.34869498749143,78.81259062199497,97.4187636342825,94.46459504517388,92.13318721592368,90.64953846278921,99.48235834001702,91.41913792117246,-13.897943872490401,26.463895634503544,69.70618627329637,11.410908678085505
56,60.987799634048585,52.34869498749143,81.87657736579276,90.22349930008048,52.34869498749143,78.81259062199497,92.32173061610163,98.39647250721714,92.62166597740372,90.53959950393669,98.56275901365574,91.60761366937203,29.527882378301328,26.463895634503544,-20.88877773174417,11.410908678085505
57,90.22349930008048,16.704056100706392,21.79939735691637,90.22349930008048,52.34869498749143,78.81259062199497,96.90751679356319,82.69560961080701,82.41659377616787,90.1530942048888,99.4160432104609,90.15669923932344,5.095341256209977,26.463895634503544,68.4241019431641,11.410908678085505
58,88.88652391766347,16.704056100706392,60.78126009784787,88.88652391766347,34.41525689927451,81.87657736579276,97.3449745032257,81.14568986238284,82.09240302064943,89.54365114116074,97.67837581770691,94.09658549507363,44.07720399714148,47.461320466518245,28.105263819815598,7.009946551870712
59,88.88652391766338,34.41525689927451,75.61154556035511,88.88652391766354,34.41525689927451,78.81259062199497,92.06633398690308,87.61494645402166,88.1226516378666,88.66885851142462,96.46961240129535,93.95217038415177,41.1962886610806,44.39733372272046,13.274978357308271,10.073933295668567
60,82.71305830099664,16.704056100706392,75.61154556035511,88.88652391766354,34.41525689927451,78.81259062199497,84.68837139527963,81.68774295392265,81.49422323933211,89.64191560972104,97.78945596752439,95.01582690050145,58.907489459648716,44.39733372272046,7.101512740641525,10.073933295668567
61,90.22349930008048,34.41525689927451,90.22349930008048,90.22349930008048,52.34869498749143,90.22349930008048,89.68383000784156,84.5026445682202,86.35387201344645,90.77169745292478,99.18597974268533,90.64836385157722,55.808242400805966,37.87480431258905,0.0,0.0
62,71.37584905520855,16.704056100706392,31.293694840227353,90.22349930008048,52.34869498749143,78.81259062199497,88.50501706363666,81.23295981437491,80.02063131289796,90.32438977192966,98.7225910250502,91.83880870703847,14.58963873952096,26.463895634503544,40.082154214981195,11.410908678085505
63,73.21681607700076,16.704056100706392,78.06978462266538,90.22349930008048,34.41525689927451,78.81259062199497,149.99999999999986,81.41537626499395,149.99999999999986,88.83966015278175,96.79186061353506,93.91584570215888,61.365728521958985,44.39733372272046,-4.852968545664623,11.410908678085505
64,88.88652391766347,16.704056100706392,16.704056100706392,90.22349930008048,52.34869498749143,78.81259062199497,89.17163390694003,85.0445887980858,149.99999999999986,90.74370666731006,99.08759804026246,92.65076219001773,0.0,26.463895634503544,72.18246781695707,11.410908678085505
65,73.21681607700076,16.704056100706392,43.98256108011245,90.22349930008048,52.34869498749143,78.81259062199497,97.85936412574688,80.23006814581215,79.1441209222266,90.37485828652812,98.55369647185313,90.25142193729006,27.278504979406055,26.463895634503544,29.23425499688831,11.410908678085505
66,79.80209714629677,16.704056100706392,54.509060092568184,88.88652391766347,34.41525689927451,78.81259062199497,96.33502717732904,82.01207228140342,89.42324771619946,89.00875351470299,96.63509006960903,93.47696475624363,37.805003991861795,44.39733372272046,25.29303705372859,10.073933295668496
67,88.88652391766354,16.704056100706392,78.81259062199497,90.22349930008048,52.34869498749143,78.81259062199497,88.34377978229,82.55401921003855,82.45014006009784,89.66861434428122,98.90924106705563,90.42573064444039,62.108534521288576,26.463895634503544,10.073933295668567,11.410908678085505
68,71.96042739000815,16.704056100706392,29.279098798677857,90.22349930008048,52.34869498749143,90.22349930008048,101.85975011689308,81.27455387481815,79.25509081051172,90.637237754677,99.75927347819687,90.48894703780607,12.575042697971465,37.87480431258905,42.68132859133029,0.0
69,88.88652391766327,16.704056100706392,40.44794385614153,90.22349930008048,52.34869498749143,90.22349930008048,85.50715850290094,79.58794177257545,79.65756800895251,89.77042087923033,97.79362276234178,89.57186335563445,23.743887755435136,37.87480431258905,48.43858006152174,0.0
70,73.60212474649515,52.34869498749143,61.61609388291445,90.22349930008048,52.34869498749143,90.22349930008048,98.61080835873103,87.70190179042388,78.48774485780288,90.6317072868467,99.6677765152051,90.47908126730164,9.267398895423021,37.87480431258905,11.986030863580702,0.0
71,88.88652391766347,16.704056100706392,38.90155426866152,88.88652391766354,34.41525689927451,78.81259062199497,85.04596043634305,81.09622991719931,81.19886342366374,88.04839516600795,96.13070133605788,93.55169896764336,22.19749816795513,44.39733372272046,49.98496964900195,10.073933295668567
72,68.78280228491039,16.704056100706392,51.48818787190806,90.22349930008048,52.34869498749143,90.22349930008048,83.19463121694682,82.8870897896073,83.3511066584489,90.48599719418527,99.76312192355859,90.29541244066374,34.78413177120167,37.87480431258905,17.29461441300233,0.0
73,88.88652391766338,16.704056100706392,52.080431617962674,90.22349930008048,52.34869498749143,78.81259062199497,98.43547777085224,83.16109683691107,80.66764563478976,89.52863023603727,98.42717101997292,89.40984285898493,35.37637551725628,26.463895634503544,36.80609229970071,11.410908678085505
74,90.22349930008048,16.704056100706392,20.759270486318602,90.22349930008048,52.34869498749143,90.22349930008048,80.52373495165924,80.35324945740547,79.74292903479758,89.60022012946396,98.04598157938466,89.39372277593442,4.05521438561221,37.87480431258905,69.46422881376188,0.0
75,90.22349930008048,34.41525689927451,32.64836443701214,90.22349930008048,52.34869498749143,90.22349930008048,89.64249187765901,84.37854019147765,80.00538485219549,90.27498397787858,97.93782879886825,90.11169435670739,-1.7668924622623692,37.87480431258905,57.575134863068335,0.0
76,72.30121351635268,16.704056100706392,50.628595397768954,90.22349930008048,52.34869498749143,90.22349930008048,149.9999999999998,86.49690724814877,149.9999999999998,90.5825486101568,99.42495185735466,90.34150845086074,33.924539297062566,37.87480431258905,21.67261811858372,0.0
77,88.88652391766354,34.41525689927451,38.90155426866152,90.22349930008048,52.34869498749143,78.81259062199497,87.45974692909627,89.5483608682526,87.83930319270073,90.4768404537699,98.98366569431371,90.16969308996639,4.48629736938701,26.463895634503544,49.98496964900202,11.410908678085505
78,73.60212474649515,52.34869498749143,70.55250000000063,90.22349930008048,52.34869498749143,90.22349930008048,130.54989956487677,101.03938287163959,96.94849657636183,89.80502461841607,98.56136994492678,89.67944927580413,18.203805012509207,37.87480431258905,3.0496247464945156,0.0
79,80.32510364062927,52.34869498749143,70.46155692849051,90.22349930008048,52.34869498749143,90.22349930008048,91.54649667163541,91.41425546348277,83.68422206908348,89.96076921431123,98.31649553091951,89.70008307855642,18.112861940999082,37.87480431258905,9.863546712138756,0.0
80,90.22349930008048,16.704056100706392,16.704056100706392,90.22349930008048,52.34869498749143,78.81259062199497,86.64994081025098,81.10108216871892,149.99999999999986,90.11197238029597,98.57267573928443,90.13014326708618,0.0,26.463895634503544,73.51944319937408,11.410908678085505
81,77.25471482290818,16.704056100706392,56.18411185037275,90.22349930008048,52.34869498749143,78.81259062199497,79.74598915032388,78.72252916219888,79.01518131727106,89.76799904690635,98.03399006240556,89.83869999394994,39.48005574966636,26.463895634503544,21.070602972535433,11.410908678085505
82,88.88652391766354,52.34869498749143,90.22349930008048,90.22349930008048,52.34869498749143,78.81259062199497,96.28234998682173,101.32066443584377,91.23088833297297,89.99091124941471,99.19000774086072,90.85419324708977,37.87480431258905,26.463895634503544,-1.336975382416938,11.410908678085505
83,73.60212474649515,52.34869498749143,90.22349930008048,90.22349930008048,34.41525689927451,78.81259062199497,148.58430499880708,99.37015343814066,90.59654990596289,89.57014300366727,96.28432432929041,93.38798777908481,37.87480431258905,44.39733372272046,-16.621374553585326,11.410908678085505
84,83.9274980429592,16.704056100706392,31.293694840227353,90.22349930008048,52.34869498749143,78.81259062199497,82.51697028392577,80.89196792087826,80.03319493550202,90.05897671363572,99.13475181668584,91.801909582945,14.58963873952096,26.463895634503544,52.63380320273185,11.410908678085505
85,90.22349930008048,34.41525689927451,16.704056100706392,90.22349930008048,52.34869498749143,78.81259062199497,96.87853845183463,81.64224855193827,89.37581058364393,89.82822669327842,98.51324498428012,91.87637523499203,-17.711200798568118,26.463895634503544,73.51944319937408,11.410908678085505
86,70.55250000000063,52.34869498749143,70.55250000000063,90.22349930008048,52.34869498749143,78.81259062199497,94.3820224719094,90.09390957388388,94.3820224719094,89.53798150818159,97.7933518119772,90.43080299890131,18.203805012509207,26.463895634503544,0.0,11.410908678085505
87,72.23046260731532,16.704056100706392,62.86450162305904,90.22349930008048,52.34869498749143,78.81259062199497,101.70962998790482,81.27869561990754,101.70962998790482,90.18860875151753,98.57878777885064,92.83228996940012,46.160445522352646,26.463895634503544,9.365960984256276,11.410908678085505
88,90.22349930008048,34.41525689927451,38.90155426866152,90.22349930008048,52.34869498749143,90.22349930008048,90.9549178959224,94.20354858365678,91.40565794169412,90.1604461187607,99.28665312783706,89.90814819473864,4.48629736938701,37.87480431258905,51.321945031418956,0.0
89,78.06978462266538,16.704056100706392,62.222134112913785,90.22349930008048,52.34869498749143,90.22349930008048,103.2792800523043,80.62092769026812,79.44274678524566,90.16846530749524,98.51473235001886,89.93000123285988,45.5180780122074,37.87480431258905,15.847650509751595,0.0
90,85.17275762496742,16.704056100706392,70.55250000000063,88.88652391766341,34.41525689927451,75.61154556035511,84.75336363630826,83.17892031739925,81.96640316205442,88.99147531447018,97.14045215445238,94.55456022599199,53.84844389929424,41.1962886610806,14.620257624966783,13.2749783573083
91,59.30645485801,16.704056100706392,73.21681607700076,90.22349930008048,34.41525689927451,80.42540211584503,102.12540191084254,80.4971499417819,102.12540191084254,88.60691483795027,95.70050058573923,90.92414700359768,56.51275997629436,46.01014521657052,-13.910361218990758,9.798097184235445
92,51.57326609749585,16.704056100706392,34.41525689927451,90.22349930008048,52.34869498749143,78.81259062199497,149.99999999999986,82.33553584528401,149.99999999999986,89.93883939479899,99.50302306042164,90.49425354612728,17.711200798568118,26.463895634503544,17.158009198221343,11.410908678085505
93,90.22349930008048,52.34869498749143,90.22349930008048,90.22349930008048,52.34869498749143,78.81259062199497,105.04366013433841,83.26668113636768,102.30921280075765,91.37054128276203,97.93488222578742,93.3696080989891,37.87480431258905,26.463895634503544,0.0,11.410908678085505
94,90.22349930008048,16.704056100706392,67.82694183025278,90.22349930008048,52.34869498749143,90.22349930008048,91.2645773042818,80.08594435738674,80.27798879806583,90.55725118960245,95.48982398945165,90.42937223001168,51.12288572954638,37.87480431258905,22.396557469827698,0.0
95,37.79198360728642,16.704056100706392,16.704056100706392,88.88652391766354,34.41525689927451,78.81259062199497,100.54772227657209,80.80092619960944,106.10860737693919,89.20861516409909,96.92651188113871,94.54759804544942,0.0,44.39733372272046,21.087927506580026,10.073933295668567
96,76.26783717735681,16.704056100706392,90.22349930008048,90.22349930008048,52.34869498749143,90.22349930008048,149.19538269364816,78.91609172722838,98.39576350715821,90.78962447216432,99.64065582543242,90.5632275137897,73.51944319937408,37.87480431258905,-13.955662122723666,0.0
97,90.22349930008048,52.34869498749143,90.22349930008048,90.22349930008048,52.34869498749143,90.22349930008048,101.82477006991658,107.98723813046242,102.35722145648722,90.44098093687337,99.56456826505142,90.31002624419298,37.87480431258905,37.87480431258905,0.0,0.0
98,90.22349930008048,16.704056100706392,90.22349930008048,90.22349930008048,52.34869498749143,90.22349930008048,114.9540840847263,83.04468348855707,95.28370498642488,90.1541448852465,98.95165341877825,89.9147020069089,73.51944319937408,37.87480431258905,0.0,0.0
99,75.61154556035511,16.704056100706392,75.61154556035511,90.22349930008048,52.34869498749143,90.22349930008048,96.76270145837455,80.85856108226196,81.18966198907177,90.89407403752244,99.72886557191804,90.70346863350221,58.907489459648716,37.87480431258905,0.0,0.0
